{"accuracy": [0.38662222027778625, 0.532955527305603, 0.6094444394111633, 0.6581110954284668, 0.692288875579834, 0.7124000191688538, 0.7330222129821777, 0.753000020980835, 0.7609333395957947, 0.7730444669723511, 0.7782444357872009, 0.7922666668891907, 0.7962666749954224, 0.8036666512489319, 0.8111110925674438, 0.8143777847290039, 0.8194888830184937, 0.8231333494186401, 0.8275111317634583, 0.8336889147758484, 0.8329111337661743, 0.8390889167785645, 0.8398666381835938, 0.8425999879837036, 0.8462888598442078, 0.8605999946594238, 0.8633333444595337, 0.8672444224357605, 0.8682000041007996, 0.8686222434043884], "loss": [1.8244001865386963, 1.3098572492599487, 1.097107172012329, 0.9669808745384216, 0.8774222135543823, 0.824506938457489, 0.7679170370101929, 0.721721351146698, 0.6889511942863464, 0.6637479662895203, 0.6375681161880493, 0.6058962941169739, 0.5942822694778442, 0.576056957244873, 0.5545796155929565, 0.5471457839012146, 0.5294018983840942, 0.5193946361541748, 0.5059576630592346, 0.48946502804756165, 0.4884493947029114, 0.4722943902015686, 0.4679659605026245, 0.45671141147613525, 0.4502331018447876, 0.4096083343029022, 0.39882248640060425, 0.38820111751556396, 0.3875027298927307, 0.3807184398174286], "val_accuracy": [0.2667999863624573, 0.6122000217437744, 0.6675999760627747, 0.626800000667572, 0.7271999716758728, 0.698199987411499, 0.7717999815940857, 0.7580000162124634, 0.795199990272522, 0.8068000078201294, 0.8050000071525574, 0.8095999956130981, 0.8169999718666077, 0.8015999794006348, 0.8181999921798706, 0.8371999859809875, 0.8205999732017517, 0.8335999846458435, 0.8384000062942505, 0.843999981880188, 0.8529999852180481, 0.8586000204086304, 0.8366000056266785, 0.829200029373169, 0.8525999784469604, 0.8587999939918518, 0.8676000237464905, 0.8651999831199646, 0.8597999811172485, 0.8583999872207642], "val_loss": [2.2207999229431152, 1.123351812362671, 0.961555540561676, 1.139280080795288, 0.7893628478050232, 0.8717768788337708, 0.6708280444145203, 0.7298884987831116, 0.6176347732543945, 0.5691580176353455, 0.5717311501502991, 0.5651489496231079, 0.5507460236549377, 0.6114277839660645, 0.5363248586654663, 0.501911461353302, 0.5466628670692444, 0.4976609945297241, 0.48977431654930115, 0.46613559126853943, 0.43707045912742615, 0.4389105439186096, 0.4988792836666107, 0.5220627188682556, 0.4394889771938324, 0.4311401844024658, 0.39972826838493347, 0.4170227646827698, 0.41789624094963074, 0.4263486862182617], "learning_rate": [0.0010000000474974513, 0.0010000000474974513, 0.0010000000474974513, 0.0010000000474974513, 0.0010000000474974513, 0.0010000000474974513, 0.0010000000474974513, 0.0010000000474974513, 0.0010000000474974513, 0.0010000000474974513, 0.0010000000474974513, 0.0010000000474974513, 0.0010000000474974513, 0.0010000000474974513, 0.0010000000474974513, 0.0010000000474974513, 0.0010000000474974513, 0.0010000000474974513, 0.0010000000474974513, 0.0010000000474974513, 0.0010000000474974513, 0.0010000000474974513, 0.0010000000474974513, 0.0010000000474974513, 0.0010000000474974513, 0.0005000000237487257, 0.0005000000237487257, 0.0005000000237487257, 0.0005000000237487257, 0.0005000000237487257]}